,City,Country,Lat,Lng,Max Temp,Humidity,Cloudiness,Wind Speed,Current Description
0,Shenzhen,CN,22.5455,114.0683,57.22,82,100,6.51,overcast clouds
1,Leningradskiy,RU,69.3833,178.4167,-31.04,96,10,4.29,clear sky
2,Puerto Ayora,EC,-0.7393,-90.3518,75.54,95,67,5.86,broken clouds
3,Rikitea,PF,-23.1203,-134.9692,77.79,68,2,5.79,clear sky
4,Mataura,NZ,-46.1927,168.8643,68.59,51,87,6.44,overcast clouds
5,Saskylakh,RU,71.9167,114.0833,-24.59,98,49,7.63,scattered clouds
6,Kiruna,SE,67.8557,20.2251,-4.29,96,44,3.53,scattered clouds
7,Sungai Besar,MY,3.6746,100.9867,77.23,81,100,4.81,overcast clouds
8,Punta Arenas,CL,-53.15,-70.9167,48.31,49,0,18.41,clear sky
9,Mizan Teferi,ET,6.9833,35.5833,60.96,67,79,2.82,broken clouds
10,Dingle,PH,10.9995,122.6711,81.79,82,50,7.81,scattered clouds
11,Avarua,CK,-21.2078,-159.775,82.45,69,75,6.91,light rain
12,Pevek,RU,69.7008,170.3133,-31.41,99,15,1.74,few clouds
13,Salmas,IR,38.1973,44.7653,27.32,87,14,0.45,few clouds
14,Port Alfred,ZA,-33.5906,26.891,73.18,99,100,7.9,overcast clouds
15,Ushuaia,AR,-54.8,-68.3,37.85,85,32,1.63,scattered clouds
16,Kodiak,US,57.79,-152.4072,35.11,93,100,12.66,light rain
17,Sur,OM,22.5667,59.5289,67.21,68,61,3.47,broken clouds
18,Campbellton,CA,48.0075,-66.6727,32.45,98,100,4.74,snow
19,Albany,US,42.6001,-73.9662,29.26,68,10,1.99,clear sky
20,Tena,EC,-0.9833,-77.8167,69.19,98,100,2.77,light rain
21,Chuy,UY,-33.6971,-53.4616,67.55,80,0,8.43,clear sky
22,Victoria,HK,22.2855,114.1577,57.33,78,100,11.01,overcast clouds
23,Vaini,TO,-21.2,-175.2,84.36,74,75,8.05,broken clouds
24,Thunder Bay,CA,48.4001,-89.3168,33.78,93,100,12.66,light snow
25,Taicheng,CN,38.731,113.228,14.02,56,0,6.78,clear sky
26,Payo,ID,-3.7508,103.6372,76.77,92,100,1.41,light rain
27,Rio Grande,BR,-32.035,-52.0986,70.84,83,0,11.56,clear sky
28,Mwinilunga,ZM,-11.7358,24.4293,62.04,100,100,2.77,heavy intensity rain
29,Hermanus,ZA,-34.4187,19.2345,73.8,84,97,13.94,light rain
30,Bilibino,RU,68.0546,166.4372,-19.32,91,100,5.37,overcast clouds
31,Bambous Virieux,MU,-20.3428,57.7575,79.05,73,40,12.66,scattered clouds
32,Xuddur,SO,4.1213,43.8894,66.11,79,29,13.38,scattered clouds
33,Fortuna,US,40.5982,-124.1573,48.65,87,40,4.61,scattered clouds
34,Busselton,AU,-33.65,115.3333,66.81,37,1,9.57,clear sky
35,Rio Blanco,MX,18.8333,-97.15,63.54,52,45,5.48,scattered clouds
36,Kaitangata,NZ,-46.2817,169.8464,67.05,60,81,11.79,broken clouds
37,Itaituba,BR,-4.2761,-55.9836,74.48,91,100,0.6,overcast clouds
38,Hailey,US,43.5196,-114.3153,21.06,78,100,8.05,overcast clouds
39,Puerto Maldonado,PE,-12.6,-69.1833,71.8,98,100,1.59,overcast clouds
40,Chumikan,RU,54.7183,135.315,-25.08,79,28,11.01,scattered clouds
41,Atuona,PF,-9.8,-139.0333,78.19,76,15,16.08,few clouds
42,Acari,PE,-15.4311,-74.6158,72.57,76,100,3.38,overcast clouds
43,Provideniya,RU,64.3833,-173.3,3.31,60,75,26.84,broken clouds
44,Hasaki,JP,35.7333,140.8333,43.21,49,98,5.7,overcast clouds
45,Luderitz,NA,-26.6481,15.1594,66.65,85,100,1.48,overcast clouds
46,Glendale,US,33.5387,-112.186,57.96,82,100,8.05,overcast clouds
47,Kungurtug,RU,50.5994,97.5228,-2.09,94,100,1.16,overcast clouds
48,Jamestown,US,42.097,-79.2353,35.24,64,0,6.91,clear sky
49,Mar Del Plata,AR,-38.0023,-57.5575,69.82,93,75,11.99,light rain
50,Yellowknife,CA,62.456,-114.3525,7.32,85,100,10.36,light snow
51,Carnarvon,AU,-24.8667,113.6333,78.55,47,0,21.83,clear sky
52,Halifax,CA,44.6453,-63.5724,48.34,98,100,6.91,light intensity drizzle
53,Namatanai,PG,-3.6667,152.4333,83.32,72,100,5.66,moderate rain
54,Billings,US,45.7833,-108.5007,32.5,95,100,4.0,fog
55,Kavaratti,IN,10.5669,72.642,79.23,73,26,7.76,scattered clouds
56,Norman Wells,CA,65.282,-126.8329,-12.8,98,100,1.83,overcast clouds
57,Tilichiki,RU,60.4667,166.1,-17.64,93,16,8.43,few clouds
58,Mahibadhoo,MV,3.7833,72.9667,79.92,72,28,6.24,scattered clouds
59,Qaanaaq,GL,77.484,-69.3632,-13.34,62,70,5.77,broken clouds
60,Antofagasta,CL,-23.65,-70.4,67.28,83,22,4.21,few clouds
61,Waipawa,NZ,-41.4122,175.5153,67.96,62,10,5.37,clear sky
62,Ayakudi,IN,10.45,77.55,66.45,70,7,2.44,clear sky
63,Nikolskoye,RU,59.7035,30.7861,35.49,93,100,8.57,overcast clouds
64,Wellington,NZ,-41.2866,174.7756,75.58,63,20,14.97,few clouds
65,Eureka,US,40.8021,-124.1637,48.92,88,45,5.01,scattered clouds
66,Inhambane,MZ,-23.865,35.3833,77.04,81,49,6.29,scattered clouds
67,Kyren,RU,51.6828,102.1408,5.68,82,100,2.51,overcast clouds
68,Ponta Do Sol,PT,32.6667,-17.1,59.63,59,32,4.45,scattered clouds
69,Tombouctou,ML,20.0,-3.0,63.66,20,21,10.2,few clouds
70,Turukhansk,RU,65.8167,87.9833,-31.49,84,7,6.91,clear sky
71,Port Lincoln,AU,-34.7333,135.8667,70.07,87,100,6.4,moderate rain
72,Tiksi,RU,71.6872,128.8694,-21.71,100,100,7.36,overcast clouds
73,Valdivia,CL,-39.8142,-73.2459,55.49,74,69,2.64,broken clouds
74,Barrow,US,71.2906,-156.7887,-20.18,76,100,16.11,haze
75,Hobart,AU,-42.8794,147.3294,82.06,51,20,14.97,few clouds
76,Iqaluit,CA,63.7506,-68.5145,-24.07,69,0,0.0,clear sky
77,Cherskiy,RU,68.75,161.3,-35.77,95,100,3.22,overcast clouds
78,Esperance,AU,-33.8667,121.9,62.28,57,94,14.2,overcast clouds
79,Hilo,US,19.7297,-155.09,78.53,76,0,14.97,clear sky
80,Wakkanai,JP,45.4094,141.6739,17.58,73,75,12.66,light snow
81,Westport,US,41.1415,-73.3579,37.78,54,0,8.05,clear sky
82,Espoo,FI,60.25,24.6667,36.52,96,75,5.75,broken clouds
83,Cidreira,BR,-30.1811,-50.2056,74.23,82,69,11.12,broken clouds
84,Camacha,PT,33.0833,-16.3333,56.62,72,75,13.8,broken clouds
85,Vardo,NO,70.3705,31.1107,35.58,87,100,18.41,light intensity drizzle
86,Freeport,US,40.6576,-73.5832,42.98,47,0,16.11,clear sky
87,Altamira,BR,-3.2033,-52.2064,72.61,87,88,3.47,overcast clouds
88,Dikson,RU,73.5069,80.5464,-35.07,86,3,6.06,clear sky
89,Lompoc,US,34.6391,-120.4579,49.59,89,75,9.22,broken clouds
90,San Luis,AR,-33.295,-66.3356,77.14,33,47,11.59,scattered clouds
91,Gizo,SB,-8.103,156.8419,83.66,73,97,5.95,light rain
92,Hastings,GB,50.8552,0.5729,29.32,72,88,3.11,overcast clouds
93,Torrevieja,ES,37.9787,-0.6822,62.44,53,100,1.99,overcast clouds
94,Assiniboia,CA,49.6334,-105.9845,17.42,93,100,2.3,overcast clouds
95,Camopi,GF,3.1655,-52.3158,70.83,99,100,2.15,overcast clouds
96,Atar,MR,20.5169,-13.0499,69.28,16,100,7.09,overcast clouds
97,Sabha,LY,27.0377,14.4283,51.37,41,0,6.71,clear sky
98,Coquimbo,CL,-29.9533,-71.3436,62.33,77,0,6.91,clear sky
99,Butaritari,KI,3.0707,172.7902,80.76,79,17,14.67,light rain
100,Souillac,MU,-20.5167,57.5167,79.18,73,40,12.66,scattered clouds
101,Almeirim,BR,-1.5233,-52.5817,76.08,80,98,4.0,overcast clouds
102,Bluff,NZ,-46.6,168.3333,60.15,76,78,10.4,broken clouds
103,Havre-Saint-Pierre,CA,50.2334,-63.5986,32.36,93,100,23.02,snow
104,Dhidhdhoo,MV,6.8833,73.1,80.13,74,9,13.87,clear sky
105,Coihaique,CL,-45.5752,-72.0662,56.01,71,0,2.3,clear sky
106,New Norfolk,AU,-42.7826,147.0587,82.71,29,38,2.04,scattered clouds
107,Sompeta,IN,18.9333,84.6,70.72,82,15,3.67,few clouds
108,Conde,BR,-7.2597,-34.9075,76.46,88,0,4.61,clear sky
109,Upata,VE,8.0086,-62.3989,74.19,86,5,4.27,clear sky
110,Le Mee-Sur-Seine,FR,48.5316,2.6283,35.83,94,0,5.75,clear sky
111,Cayenne,GF,4.9333,-52.3333,75.24,94,100,5.75,overcast clouds
112,Zuenoula,CI,7.4292,-6.0431,70.52,22,4,3.42,clear sky
113,Mount Pleasant,US,32.7941,-79.8626,52.09,65,0,3.44,clear sky
114,Karaton,ID,-6.3424,106.1045,81.03,71,100,4.81,overcast clouds
115,Jalu,LY,29.0331,21.5482,53.51,64,0,5.97,clear sky
116,East London,ZA,-33.0153,27.9116,73.67,93,100,5.5,overcast clouds
117,Tasiilaq,GL,65.6145,-37.6368,19.56,74,100,7.76,light snow
118,Tiznit,MA,29.5833,-9.5,52.41,70,0,0.92,clear sky
119,Hohhot,CN,40.8106,111.6522,8.89,66,11,2.24,few clouds
120,Huambo,AO,-12.7761,15.7392,59.22,95,100,2.35,light rain
121,Bagdarin,RU,54.4333,113.6,-15.75,84,80,2.98,broken clouds
122,Taoudenni,ML,22.6783,-3.9836,63.68,23,70,9.98,broken clouds
123,Puerto Escondido,MX,15.85,-97.0667,79.63,73,75,5.75,broken clouds
124,Banikoara,BJ,11.2985,2.4386,67.75,24,15,5.66,few clouds
125,Eisenberg,DE,50.9667,11.9,38.53,76,98,18.37,overcast clouds
126,Berlevag,NO,70.8578,29.0864,33.8,80,75,10.36,broken clouds
127,Port Elizabeth,ZA,-33.918,25.5701,71.31,99,100,8.05,mist
128,Humaita,BR,-7.5061,-63.0208,71.94,99,100,2.71,heavy intensity rain
129,Codrington,AU,-38.2667,141.9667,97.63,18,89,12.86,overcast clouds
130,Castro,BR,-24.7911,-50.0119,65.46,94,100,1.01,overcast clouds
131,Grand Gaube,MU,-20.0064,57.6608,79.2,70,9,7.0,light rain
132,Ilulissat,GL,69.2167,-51.1,-5.78,59,75,23.02,mist
133,Porto Novo,BJ,6.4965,2.6036,75.31,87,5,3.53,clear sky
134,Gat,IL,31.61,34.7642,54.39,100,5,5.75,clear sky
135,Kabansk,RU,52.0486,106.6528,7.93,80,100,3.47,overcast clouds
136,Torbay,CA,47.6666,-52.7314,48.38,97,100,14.97,fog
137,Bereda,ES,43.2686,-7.5406,47.14,100,99,11.86,overcast clouds
138,Kapaa,US,22.0752,-159.319,81.12,71,0,6.91,clear sky
139,Gladstone,AU,-23.85,151.25,80.53,69,100,13.8,overcast clouds
140,Gorom-Gorom,BF,14.4439,-0.2361,66.52,16,44,10.54,scattered clouds
141,Anadyr,RU,64.75,177.4833,-7.1,71,0,15.66,clear sky
142,Anastacio,BR,-20.4836,-55.8069,73.85,91,37,3.33,scattered clouds
143,Pilibhit,IN,28.6333,79.8,42.89,76,0,3.98,clear sky
144,Nemuro,JP,43.3236,145.575,22.14,59,49,8.55,scattered clouds
145,Longyearbyen,SJ,78.2186,15.6401,15.64,67,0,24.16,clear sky
146,Hithadhoo,MV,-0.6,73.0833,79.36,67,70,4.32,broken clouds
147,Arraial Do Cabo,BR,-22.9661,-42.0278,74.12,90,1,22.39,clear sky
148,Bar Harbor,US,44.3876,-68.2039,32.92,90,100,9.22,snow
149,Saint-Prosper,CA,46.2117,-70.4811,22.03,95,100,4.16,light snow
150,Nova Londrina,BR,-22.7658,-52.985,77.11,81,100,4.29,overcast clouds
151,Yar-Sale,RU,66.8333,70.8333,6.28,96,100,13.73,light snow
152,Khorinsk,RU,52.1657,109.7726,-5.98,92,100,1.9,overcast clouds
153,Minab,IR,27.1467,57.0801,61.93,32,9,6.02,clear sky
154,Port Hardy,CA,50.6996,-127.4199,44.78,100,100,3.44,light rain
155,Krasnoselkup,RU,65.7,82.4667,-34.15,98,13,5.93,few clouds
156,Tuatapere,NZ,-46.1333,167.6833,64.26,65,52,8.48,broken clouds
157,La Ronge,CA,55.1001,-105.2842,17.85,93,100,4.61,overcast clouds
158,Istria,RO,44.5667,28.7167,43.97,86,72,19.53,broken clouds
159,Savalou,BJ,7.9281,1.9756,77.16,24,25,0.43,scattered clouds
160,Maraba,BR,-5.3686,-49.1178,75.38,100,0,0.0,clear sky
161,Fairbanks,US,64.8378,-147.7164,4.96,84,0,0.0,clear sky
162,Namanyere,TZ,-7.5167,31.05,59.88,97,100,1.77,light rain
163,Sitka,US,57.0531,-135.33,42.69,70,75,16.11,light rain
164,Mahon,ES,39.8885,4.2658,59.56,72,100,19.57,overcast clouds
165,Khatanga,RU,71.9667,102.5,-40.16,98,25,6.51,scattered clouds
166,Cockburn Town,TC,21.4612,-71.1419,74.25,53,0,9.08,clear sky
167,Zhigansk,RU,66.7697,123.3711,-58.79,100,72,3.94,broken clouds
168,Upernavik,GL,72.7868,-56.1549,-2.96,96,100,6.02,light snow
169,San Patricio,US,28.017,-97.5169,68.09,79,0,3.83,clear sky
170,Bardiyah,LY,31.7561,25.0865,56.14,74,0,9.19,clear sky
171,Talnakh,RU,69.4865,88.3972,-34.62,84,3,3.83,clear sky
172,Severo-Kurilsk,RU,50.6789,156.125,23.34,62,95,14.18,overcast clouds
173,Mahebourg,MU,-20.4081,57.7,79.09,73,40,12.66,scattered clouds
174,Prado,BR,-17.3411,-39.2208,74.73,90,17,6.17,few clouds
175,Faanui,PF,-16.4833,-151.75,81.84,58,91,15.39,overcast clouds
176,Radford,US,37.1318,-80.5764,43.99,50,0,1.01,clear sky
177,Khani,GE,41.9563,42.9566,38.77,66,92,6.85,overcast clouds
178,Gamba,GA,-2.65,10.0,76.8,85,100,3.91,overcast clouds
179,College,US,64.8569,-147.8028,4.95,85,75,0.0,broken clouds
180,Vila Velha,BR,-20.3297,-40.2925,76.95,91,75,4.61,broken clouds
181,Cape Town,ZA,-33.9258,18.4232,72.12,76,0,10.36,clear sky
182,Beyneu,KZ,45.3167,55.2,27.77,70,100,10.38,overcast clouds
183,Saint-Philippe,RE,-21.3585,55.7679,73.11,81,34,12.08,scattered clouds
184,Mirador,BR,-6.3708,-44.3631,70.74,97,100,3.06,overcast clouds
185,Muzhi,RU,65.3667,64.6667,7.43,96,62,6.33,broken clouds
186,Shakawe,BW,-18.3667,21.85,67.84,86,100,3.6,overcast clouds
187,Lebu,CL,-37.6167,-73.65,55.47,89,0,15.52,clear sky
188,Petropavlovsk-Kamchatskiy,RU,53.0452,158.6483,5.59,40,0,6.71,clear sky
189,Puerto Leguizamo,CO,-0.1934,-74.7819,71.98,95,97,1.5,overcast clouds
190,Horni Benesov,CZ,49.9668,17.6026,35.08,90,100,14.88,overcast clouds
191,Smidovich,RU,48.6,133.8167,-13.49,96,63,4.68,broken clouds
192,Qasigiannguit,GL,68.8193,-51.1922,-5.55,80,57,7.81,broken clouds
193,Marawi,PH,7.9986,124.2928,77.02,79,100,1.57,overcast clouds
194,Giyani,ZA,-23.3025,30.7187,70.72,89,100,7.25,light rain
195,Verkhnyaya Inta,RU,65.9811,60.3094,16.43,80,20,19.6,few clouds
196,Bredasdorp,ZA,-34.5322,20.0403,69.8,92,100,16.02,light rain
197,Ola,RU,59.5833,151.2833,-7.22,84,100,11.32,overcast clouds
198,Trairi,BR,-3.2778,-39.2689,75.36,89,100,3.49,overcast clouds
199,Isla Mujeres,MX,21.2311,-86.731,73.45,64,48,11.97,scattered clouds
200,Ostrovnoy,RU,68.0531,39.5131,29.75,86,74,23.6,broken clouds
201,Nisia Floresta,BR,-6.0911,-35.2086,79.18,82,90,6.17,overcast clouds
202,Mitchell,US,43.7094,-98.0298,27.73,90,100,16.11,mist
203,Vao,NC,-22.6667,167.4833,75.72,70,100,16.37,overcast clouds
204,Kavieng,PG,-2.5744,150.7967,83.41,69,100,8.14,light rain
205,Salalah,OM,17.0151,54.0924,73.49,78,75,2.3,broken clouds
206,Visby,SE,57.6409,18.296,38.05,87,75,18.41,broken clouds
207,Alta Floresta,BR,-9.8756,-56.0861,71.2,96,100,1.28,overcast clouds
208,Isangel,VU,-19.55,169.2667,82.31,61,98,11.72,overcast clouds
209,Wanganui,NZ,-39.9333,175.05,69.6,71,17,8.01,few clouds
210,Northam,GB,51.0333,-4.2167,33.62,69,100,8.72,overcast clouds
211,Taltal,CL,-25.4,-70.4833,66.47,80,5,3.98,clear sky
212,Husavik,IS,66.0449,-17.3389,29.12,89,100,22.1,light snow
213,Rocha,UY,-34.4833,-54.3333,63.86,93,0,6.35,clear sky
214,Siniscola,IT,40.5719,9.6922,54.95,78,100,8.32,overcast clouds
215,Itarema,BR,-2.9248,-39.9167,75.9,86,100,3.51,overcast clouds
216,Narsaq,GL,60.9167,-46.05,5.22,65,24,12.17,few clouds
217,Ulaangom,MN,49.9811,92.0667,-14.37,96,100,1.77,overcast clouds
218,Jian,CN,27.1172,114.9793,38.43,67,100,4.63,overcast clouds
219,Buala,SB,-8.145,159.5921,85.8,67,100,4.47,overcast clouds
220,Tuktoyaktuk,CA,69.4541,-133.0374,-5.8,77,100,6.91,overcast clouds
221,Port Hedland,AU,-20.3167,118.5667,91.45,58,93,14.97,overcast clouds
222,Nizwa,OM,22.9333,57.5333,61.12,56,4,1.68,clear sky
223,Sehwan,PK,26.4279,67.863,49.3,26,0,3.62,clear sky
224,Noyemberyan,AM,41.1724,44.9992,28.02,73,100,3.0,overcast clouds
225,Richards Bay,ZA,-28.783,32.0377,71.11,92,86,9.64,overcast clouds
226,Tetouan,MA,35.5711,-5.3724,56.17,72,77,16.11,broken clouds
227,Glossop,GB,53.4432,-1.949,31.12,89,11,3.85,few clouds
228,Xixiang,CN,35.1628,112.865,33.22,48,82,11.86,broken clouds
229,Baruun-Urt,MN,46.6806,113.2792,-7.89,85,4,9.57,clear sky
230,Chicama,PE,-7.8447,-79.1469,64.94,65,92,4.85,overcast clouds
231,Mokhsogollokh,RU,61.4681,128.9203,-50.04,100,96,0.11,overcast clouds
232,Auki,SB,-8.7676,160.7034,85.87,67,100,7.4,overcast clouds
233,Jatibonico,CU,21.9419,-79.17,60.13,80,0,5.39,clear sky
234,Puerto Del Rosario,ES,28.5004,-13.8627,65.95,68,20,19.57,few clouds
235,San Carlos,VE,9.6612,-68.5827,75.02,72,13,4.68,few clouds
236,Sangmelima,CM,2.9333,11.9833,67.32,96,99,3.09,overcast clouds
237,Cabo San Lucas,MX,22.8909,-109.9124,71.51,71,40,8.05,scattered clouds
238,Thai Binh,VN,20.45,106.3333,56.25,66,100,7.14,overcast clouds
239,Vanimo,PG,-2.6741,141.3028,84.96,65,92,3.18,overcast clouds
240,Ribeira Grande,PT,38.5167,-28.7,57.65,73,94,11.56,overcast clouds
241,La Trinidad,PH,16.455,120.5875,69.76,62,89,1.43,overcast clouds
242,Sembe,CG,1.6481,14.5806,72.73,60,100,0.81,overcast clouds
243,Moissala,TD,8.3404,17.7663,70.66,28,80,4.03,broken clouds
244,Kuala Terengganu,MY,5.3302,103.1408,84.97,70,20,5.75,few clouds
245,Tigil,RU,57.8,158.6667,5.52,87,100,3.49,overcast clouds
246,Sao Jose Da Coroa Grande,BR,-8.8978,-35.1478,77.22,80,100,6.29,overcast clouds
247,Namibe,AO,-15.1961,12.1522,73.89,77,98,5.28,overcast clouds
248,Naze,JP,28.3667,129.4833,58.12,63,60,10.87,broken clouds
249,Canakkale,TR,40.0833,26.8333,52.38,81,0,12.88,clear sky
250,Thompson,CA,55.7435,-97.8558,10.56,85,100,2.3,light snow
251,Guadalupe,MX,25.6833,-100.25,75.34,42,0,8.05,clear sky
252,Moose Factory,CA,51.2585,-80.6094,32.0,64,100,3.44,overcast clouds
253,Tessalit,ML,20.1986,1.0114,62.44,21,2,8.9,clear sky
254,Lagoa,PT,39.05,-27.9833,58.17,73,100,14.03,overcast clouds
255,Nalut,LY,30.3333,10.85,46.13,40,0,9.17,clear sky
256,Nefteyugansk,RU,61.0998,72.6035,9.48,95,100,9.48,overcast clouds
257,Quesnel,CA,52.9999,-122.5029,30.7,93,75,0.0,broken clouds
258,Cabra,ES,37.4725,-4.4421,48.65,91,87,7.0,overcast clouds
259,Ahipara,NZ,-35.1667,173.1667,71.91,57,27,8.66,scattered clouds
260,Cartagena,CO,10.3997,-75.5144,78.42,78,20,8.05,few clouds
261,Bayan,CN,46.0833,127.4,1.36,83,51,6.76,broken clouds
262,Viedma,AR,-40.8135,-62.9967,72.19,37,97,15.23,overcast clouds
263,Saint George,US,37.1041,-113.5841,49.95,69,20,18.41,few clouds
264,Sabang,ID,5.8933,95.3214,79.68,67,100,17.18,overcast clouds
265,Dalvik,IS,65.9702,-18.5286,30.13,95,100,21.27,snow
266,Sioux Lookout,CA,50.1001,-91.917,32.07,100,100,4.61,mist
267,Praia Da Vitoria,PT,38.7333,-27.0667,57.76,82,75,12.73,broken clouds
268,Staraya Russa,RU,57.9944,31.3608,30.43,93,100,7.36,overcast clouds
269,Sao Joao Da Barra,BR,-21.6403,-41.0511,75.36,89,0,15.66,clear sky
270,Chokurdakh,RU,70.6333,147.9167,-24.23,96,89,11.45,overcast clouds
271,Aklavik,CA,68.2191,-135.0107,-20.34,100,90,3.24,overcast clouds
272,Saint-Georges,GD,12.0564,-61.7485,76.68,83,20,2.3,few clouds
273,Georgetown,MY,5.4112,100.3354,84.13,73,20,8.05,few clouds
274,Kununurra,AU,-15.7667,128.7333,85.98,79,40,9.22,scattered clouds
275,Kautokeino,NO,69.0125,23.0412,3.88,99,88,4.79,overcast clouds
276,South Hill,US,47.1412,-122.2701,45.14,87,88,1.99,overcast clouds
277,Los Llanos De Aridane,ES,28.6585,-17.9182,60.55,66,100,8.01,overcast clouds
278,Inyonga,TZ,-6.7167,32.0667,62.96,92,100,1.36,overcast clouds
279,Tura,IN,25.5198,90.2201,55.78,54,0,2.13,clear sky
280,Dabat,ET,12.9842,37.765,50.02,77,4,5.26,clear sky
281,Makakilo City,US,21.3469,-158.0858,80.92,64,0,11.5,clear sky
282,Kedrovyy,RU,56.1667,91.8167,10.87,94,100,12.75,light snow
283,Touros,BR,-5.1989,-35.4608,78.58,78,66,10.78,broken clouds
284,Port Augusta,AU,-32.5,137.7667,106.45,16,13,16.55,few clouds
285,Henties Bay,NA,-22.116,14.2845,67.84,83,100,4.52,overcast clouds
286,Araouane,ML,18.9048,-3.5265,65.55,18,67,9.1,broken clouds
287,Xining,CN,36.6167,101.7667,5.94,86,97,2.21,overcast clouds
288,Cottage Grove,US,44.8277,-92.9438,34.83,95,100,6.91,snow
289,Kollam,IN,8.8833,76.6,72.21,76,3,7.72,clear sky
290,Salinopolis,BR,-0.6136,-47.3561,77.34,84,88,9.35,overcast clouds
291,Fort-Shevchenko,KZ,44.5086,50.263,33.75,52,100,16.69,overcast clouds
292,Nabire,ID,-3.3667,135.4833,86.02,65,79,4.52,broken clouds
293,Sheridan,US,44.8333,-106.9173,35.31,91,100,0.0,mist
294,Opuwo,NA,-18.0607,13.84,69.13,68,100,4.45,overcast clouds
295,Doha,QA,25.2867,51.5333,67.98,88,0,4.61,clear sky
296,Bubaque,GW,11.2833,-15.8333,77.27,71,62,10.6,broken clouds
297,Vangaindrano,MG,-23.35,47.6,74.3,87,44,1.72,light rain
298,Prince Rupert,CA,54.3161,-130.3201,42.49,86,100,19.57,overcast clouds
299,Santa Rosa,PH,14.3122,121.1114,83.1,77,100,14.58,overcast clouds
300,Bengkulu,ID,-3.8004,102.2655,80.71,73,76,3.04,broken clouds
301,Port Hueneme,US,34.1478,-119.1951,55.0,73,0,19.57,clear sky
302,Hamilton,US,39.1834,-84.5333,47.44,91,100,17.27,overcast clouds
303,Huejuquilla El Alto,MX,22.6,-103.8667,53.01,25,100,3.58,overcast clouds
304,Saint-Pierre,RE,-21.3393,55.4781,78.91,73,20,4.61,few clouds
305,Marsa Matruh,EG,31.3525,27.2453,50.2,87,40,5.75,scattered clouds
306,Rakai,UG,-0.72,31.4839,59.81,81,28,3.06,scattered clouds
307,Estelle,US,29.8458,-90.1067,70.0,76,100,12.66,overcast clouds
308,Teguldet,RU,57.3064,88.1667,15.98,93,100,10.31,light snow
309,Broken Hill,AU,-31.95,141.4333,99.43,18,3,12.73,clear sky
310,Key Largo,US,25.0865,-80.4473,66.0,69,0,5.7,clear sky
311,Markova,UA,48.6758,24.4138,36.59,83,92,3.53,overcast clouds
312,Cascais,PT,38.6979,-9.4215,60.06,84,95,21.0,overcast clouds
313,Concepcion Del Oro,MX,24.6333,-101.4167,54.68,20,0,1.03,clear sky
314,Nampa,US,43.5407,-116.5635,38.64,83,40,8.05,scattered clouds
315,Snasa,NO,64.2457,12.3778,24.21,93,96,5.99,overcast clouds
316,Kyzyl-Suu,KG,42.3414,78.0056,9.82,55,3,8.88,clear sky
317,Khandyga,RU,62.6667,135.6,-49.81,97,100,0.6,overcast clouds
318,Yulara,AU,-25.2406,130.9889,95.97,24,0,7.56,clear sky
319,Golyshmanovo,RU,56.3979,68.3728,7.12,87,90,8.41,overcast clouds
320,Lalibela,ET,12.0333,39.0333,54.45,57,9,2.06,clear sky
321,Axim,GH,4.8699,-2.2405,79.02,81,7,2.86,clear sky
322,Baganga,PH,7.5739,126.56,82.2,76,100,2.04,light rain
323,Shimoda,JP,34.6667,138.95,46.76,67,97,9.51,overcast clouds
324,Along,IN,28.1667,94.7667,53.74,91,84,1.99,broken clouds
325,Banda Aceh,ID,5.5577,95.3222,79.09,75,61,15.32,broken clouds
326,Cap-Aux-Meules,CA,47.3821,-61.8597,37.45,100,100,21.85,mist
327,Rusape,ZW,-18.5278,32.1284,61.36,96,100,2.93,overcast clouds
328,Itum-Kale,RU,42.7356,45.5758,35.55,57,2,5.93,clear sky
329,Lorengau,PG,-2.0226,147.2712,83.19,72,100,5.1,overcast clouds
330,Les Cayes,HT,18.2,-73.75,67.57,82,1,7.27,clear sky
331,Victoria Point,AU,-27.5833,153.3,87.15,60,98,5.99,overcast clouds
332,Bryan,US,30.6744,-96.37,65.88,96,0,5.75,mist
333,Rawson,AR,-43.3002,-65.1023,64.94,60,100,8.05,overcast clouds
334,Fayaoue,NC,-20.65,166.5333,79.43,70,100,15.26,overcast clouds
335,Evensk,RU,61.95,159.2333,-1.14,77,100,6.46,overcast clouds
336,Bangui,CF,4.3612,18.555,71.73,42,82,2.48,broken clouds
337,Itaqui,BR,-29.1253,-56.5531,83.98,41,69,7.87,broken clouds
338,Whitehorse,CA,60.7161,-135.0538,20.01,92,100,13.8,overcast clouds
339,Mogadishu,SO,2.0371,45.3438,75.16,80,5,15.32,clear sky
340,Resplendor,BR,-19.3256,-41.2553,71.38,95,46,2.08,scattered clouds
341,Svetlyy,RU,54.675,20.1347,37.45,90,100,13.76,overcast clouds
342,Michurinsk,RU,52.8978,40.4907,20.43,95,100,8.95,overcast clouds
343,Akim Swedru,GH,5.8938,-1.0164,73.27,93,5,1.99,clear sky
344,Pisco,PE,-13.7,-76.2167,71.65,78,0,8.05,clear sky
345,Sisimiut,GL,66.9395,-53.6735,-4.76,81,100,17.4,overcast clouds
346,Morondava,MG,-20.2833,44.2833,78.03,78,9,3.4,clear sky
347,Muscat,OM,23.6139,58.5922,64.42,55,31,0.31,scattered clouds
348,Koungou,YT,-12.7336,45.2042,78.51,89,0,2.3,clear sky
349,Guozhen,CN,34.3659,107.359,31.62,40,100,1.59,overcast clouds
350,Kuusamo,FI,65.9667,29.1833,30.24,86,100,14.97,light snow
351,Yelnya,RU,54.5786,33.1837,29.73,96,100,12.08,light snow
352,Rosetta,EG,31.4044,30.4164,56.53,77,7,3.65,clear sky
353,Flinders,AU,-34.5833,150.8552,84.06,64,0,7.0,clear sky
354,Byron Bay,AU,-28.65,153.6167,82.94,59,2,10.02,clear sky
355,Patti,IN,31.2808,74.8572,35.67,72,0,2.95,clear sky
356,Port Blair,IN,11.6667,92.75,68.04,88,40,2.3,mist
357,La Libertad,EC,-2.2333,-80.9,75.88,71,27,9.22,scattered clouds
358,Laureles,US,26.1092,-97.4941,72.1,73,0,9.22,clear sky
359,Kaeo,NZ,-35.1,173.7833,74.32,63,24,13.27,few clouds
360,Lima,PE,-12.0432,-77.0282,75.9,60,0,16.11,clear sky
361,Dalby,AU,-27.1833,151.2667,85.98,33,98,4.0,overcast clouds
362,Srednekolymsk,RU,67.45,153.6833,-46.39,99,69,5.35,broken clouds
363,Klaksvik,FO,62.2266,-6.589,25.72,60,100,20.11,overcast clouds
364,Kinwat,IN,19.6333,78.2,65.52,51,0,3.4,clear sky
365,Hofn,IS,64.2539,-15.2082,32.29,59,100,20.27,overcast clouds
366,Locri,IT,38.2414,16.2623,53.44,74,100,6.76,overcast clouds
367,Choix,MX,26.7092,-108.3219,62.83,50,100,2.48,overcast clouds
368,Omsukchan,RU,62.5333,155.8,-22.77,96,100,5.68,overcast clouds
369,Bethel,US,41.3712,-73.414,36.48,58,0,4.61,clear sky
370,Jacala,MX,21.0167,-99.1833,60.93,49,100,3.51,overcast clouds
371,Karpogory,RU,64.0019,44.4451,22.05,87,100,12.68,overcast clouds
372,Omboue,GA,-1.5746,9.2618,77.81,84,100,5.1,overcast clouds
373,Dubbo,AU,-32.25,148.6167,86.13,39,40,5.75,scattered clouds
374,Bonnyville,CA,54.2668,-110.735,17.4,95,100,3.91,overcast clouds
375,Tautira,PF,-17.7333,-149.15,79.5,68,99,4.59,overcast clouds
376,Lavrentiya,RU,65.5833,-171.0,-16.89,90,97,13.96,overcast clouds
377,Langham,CA,52.3668,-106.9679,19.24,96,100,5.14,overcast clouds
378,Geraldton,AU,-28.7667,114.6,79.21,36,0,17.27,clear sky
379,Praia,CV,14.9215,-23.5087,73.94,73,0,17.27,clear sky
380,Maceio,BR,-9.6658,-35.7353,74.64,94,40,2.3,scattered clouds
381,Valparaiso,CL,-33.0393,-71.6273,63.48,100,0,3.44,clear sky
382,Aykhal,RU,66.0,111.5,-44.73,99,100,6.17,overcast clouds
383,Smoky Lake,CA,54.1169,-112.4686,20.12,93,62,5.75,broken clouds
384,Guerrero Negro,MX,27.9769,-114.0611,64.8,76,100,12.73,overcast clouds
385,Augustow,PL,53.8432,22.9798,34.68,97,100,12.26,light snow
386,Irbeyskoye,RU,55.6428,95.4522,12.16,87,100,17.72,overcast clouds
387,Ishigaki,JP,24.3448,124.1572,68.13,64,40,12.66,scattered clouds
388,Pacifica,US,37.6138,-122.4869,52.07,79,75,20.0,haze
389,Urubicha,BO,-15.3833,-62.95,70.54,96,100,2.13,light rain
390,Ritchie,ZA,-29.038,24.6028,75.0,24,14,7.07,few clouds
391,Airai,TL,-8.9266,125.4092,73.51,61,65,3.06,broken clouds
392,Muros,ES,42.7762,-9.0603,55.09,71,7,26.11,clear sky
393,Colares,PT,38.7992,-9.4469,59.9,84,99,21.0,overcast clouds
394,San Carlos Park,US,26.4673,-81.8015,57.2,67,0,6.91,clear sky
395,Pontianak,ID,-0.0333,109.3333,83.75,63,98,3.24,overcast clouds
396,Adeje,ES,28.1227,-16.726,63.48,57,20,10.36,few clouds
397,Yeppoon,AU,-23.1333,150.7333,80.38,86,100,17.11,overcast clouds
398,Jeremie,HT,18.65,-74.1167,71.65,73,1,4.45,clear sky
399,Takoradi,GH,4.8845,-1.7554,79.34,81,4,3.02,clear sky
400,Jieshi,CN,22.8134,115.8257,52.86,65,100,9.89,overcast clouds
401,Santa Cruz,BO,-17.8,-63.1667,76.46,88,84,4.61,broken clouds
402,New Waterford,US,40.8451,-80.6145,43.05,71,100,5.39,overcast clouds
403,Monrovia,LR,6.3005,-10.7969,78.08,85,44,1.83,scattered clouds
404,Huarmey,PE,-10.0681,-78.1522,70.3,75,100,5.68,overcast clouds
405,Ettaiyapuram,IN,9.1441,77.9907,71.26,81,0,7.47,clear sky
406,Constantine,DZ,36.365,6.6147,47.61,61,40,17.27,scattered clouds
407,Pemangkat,ID,1.1667,108.9667,81.32,74,75,9.26,broken clouds
408,Port Keats,AU,-14.25,129.55,86.31,69,55,10.65,broken clouds
409,Sorong,ID,-0.8833,131.25,83.71,73,81,4.88,broken clouds
410,Maglajani,BA,44.9486,17.3494,41.02,100,40,3.44,scattered clouds
411,Jimo,CN,36.3897,120.4622,33.58,37,0,6.71,clear sky
412,Roald,NO,62.5833,6.1333,37.54,56,40,14.97,scattered clouds
413,Jardim,BR,-21.4803,-56.1381,75.87,78,70,2.62,broken clouds
414,Beringovskiy,RU,63.05,179.3167,-4.45,89,100,20.24,overcast clouds
415,Nagato,JP,34.3833,131.2,47.46,66,100,4.5,overcast clouds
416,Panaba,MX,21.2833,-88.2667,68.49,70,13,11.07,few clouds
417,Santa Cruz De La Palma,ES,28.6835,-17.7642,64.54,59,100,6.91,overcast clouds
418,Maniwaki,CA,46.3834,-75.966,12.58,85,17,1.14,few clouds
419,Amapa,BR,1.0,-52.0,69.87,99,42,2.17,scattered clouds
420,Jiexiu,CN,37.0244,111.9125,22.46,46,69,10.36,broken clouds
421,Mfou,CM,3.7159,11.6427,67.66,95,91,3.8,overcast clouds
422,Jiayuguan,CN,39.8167,98.3,8.35,75,89,4.41,overcast clouds
423,Lagos,NG,6.5833,3.75,80.92,86,8,2.86,clear sky
424,Wamba,NG,8.9333,8.6,71.01,23,100,4.43,overcast clouds
425,Digapahandi,IN,19.3667,84.5833,68.11,85,3,1.97,clear sky
426,Coahuayana,MX,18.7333,-103.6833,69.66,65,64,0.81,broken clouds
427,Boa Vista,BR,2.8197,-60.6733,78.78,78,20,9.22,few clouds
428,Karpathos,GR,35.507,27.2132,58.96,72,11,11.5,few clouds
429,Saint-Louis,SN,16.3333,-15.0,76.05,14,84,11.32,broken clouds
430,Cairns,AU,-16.9167,145.7667,85.95,74,40,4.61,scattered clouds
431,Scarborough,GB,54.2797,-0.4044,28.65,85,5,1.01,clear sky
432,Trelew,AR,-43.249,-65.3051,66.43,51,100,10.74,overcast clouds
433,Teknaf,BD,20.8624,92.3058,65.3,55,0,6.02,clear sky
434,Capao Da Canoa,BR,-29.7456,-50.0097,74.26,85,89,7.87,overcast clouds
435,Tiarei,PF,-17.5333,-149.3333,84.22,66,59,3.94,broken clouds
436,Mehamn,NO,71.0357,27.8492,33.75,80,100,4.61,overcast clouds
437,Mandalgovi,MN,45.7625,106.2708,0.25,63,0,9.57,clear sky
438,Sebina,BW,-20.8667,27.25,66.16,73,19,8.1,few clouds
439,Bundoran,IE,54.4778,-8.2809,35.53,67,100,1.59,overcast clouds
440,Clyde River,CA,70.4692,-68.5914,-10.97,77,100,6.91,light snow
441,Manuk Mangkaw,PH,4.8,119.85,81.46,77,89,9.04,overcast clouds
442,Nouadhibou,MR,20.931,-17.0347,69.78,40,95,12.66,overcast clouds
443,Beloha,MG,-25.1667,45.05,73.33,81,0,8.19,clear sky
444,Lufilufi,WS,-13.8745,-171.5986,91.18,73,77,8.95,broken clouds
445,Aripuana,BR,-9.1667,-60.6333,71.24,99,98,2.82,moderate rain
446,Ajdabiya,LY,30.7554,20.2263,54.81,72,0,9.98,clear sky
447,Mocuba,MZ,-16.8392,36.9856,71.38,98,95,2.28,overcast clouds
448,Casma,CL,-41.0082,-73.1244,55.0,72,100,4.45,overcast clouds
449,Komsomolskiy,UZ,40.4272,71.7189,11.12,79,3,2.3,mist
450,Bulawayo,ZW,-20.15,28.5833,61.61,94,61,7.65,broken clouds
451,Kysyl-Syr,RU,63.8986,122.7617,-54.8,100,93,2.8,overcast clouds
452,Siljan,NO,59.2884,9.71,37.17,99,100,8.66,snow
453,Cap Malheureux,MU,-19.9842,57.6142,79.47,69,8,8.01,clear sky
454,Ketchikan,US,55.3422,-131.6461,42.78,93,100,11.5,light rain
455,Inta,RU,66.0317,60.1659,16.39,81,30,22.28,scattered clouds
456,Bodden Town,KY,19.2833,-81.25,73.4,68,20,6.91,few clouds
457,Uvat,RU,59.1433,68.8953,7.48,92,23,7.45,few clouds
458,Kamaishi,JP,39.2667,141.8833,35.04,44,44,5.82,scattered clouds
459,Nanortalik,GL,60.1432,-45.2371,10.29,60,5,15.5,clear sky
460,Cantaura,VE,9.3057,-64.3584,76.64,64,56,6.93,broken clouds
461,Abu Zabad,SD,12.35,29.25,61.59,26,1,14.65,clear sky
462,Calituban,PH,10.24,124.2919,82.49,79,58,2.77,broken clouds
463,Bulungu,CD,-4.55,18.6,68.02,96,100,1.32,overcast clouds
464,Panzhihua,CN,26.5851,101.7128,49.69,51,0,1.48,clear sky
465,Kailua,US,21.4022,-157.7394,82.38,75,79,1.99,broken clouds
466,Newtownards,GB,54.5924,-5.6909,30.52,91,20,3.0,few clouds
467,Thinadhoo,MV,0.5333,72.9333,79.09,69,92,3.91,overcast clouds
468,Portland,US,45.5234,-122.6762,47.73,85,100,5.01,overcast clouds
469,Ixtapa,MX,20.7,-105.2,70.23,83,0,0.0,clear sky
470,Venezuela,VE,8.0,-66.0,85.84,44,100,12.21,overcast clouds
471,Nome,US,64.5011,-165.4064,19.47,73,100,13.8,overcast clouds
472,Polson,US,47.6936,-114.1632,32.77,70,100,2.15,overcast clouds
473,Port Pirie,AU,-33.1833,138.0167,89.67,36,52,24.63,broken clouds
474,Kirillov,RU,59.863,38.3813,23.32,93,100,9.4,overcast clouds
475,Sao Felix Do Xingu,BR,-6.6447,-51.995,71.04,98,98,1.83,overcast clouds
476,Khandagayty,RU,50.7333,92.05,-9.35,95,100,1.1,overcast clouds
477,Manokwari,ID,-0.8667,134.0833,83.28,70,84,4.61,broken clouds
478,Fort Nelson,CA,58.8053,-122.7002,6.39,92,75,0.0,broken clouds
479,Santa Flavia,IT,38.085,13.5351,60.58,63,100,20.0,overcast clouds
480,Wyndham,US,37.6985,-77.6125,45.95,59,0,0.0,clear sky
481,Nichinan,JP,31.6,131.3667,51.48,63,91,3.15,overcast clouds
482,Winchester,GB,51.0651,-1.3187,27.37,80,75,2.3,broken clouds
483,Gra Liyia,GR,35.0167,25.6833,60.13,65,20,5.01,few clouds
484,Gobabis,NA,-22.45,18.9667,68.45,61,72,6.98,broken clouds
485,Adrar,MR,20.5022,-10.0711,62.11,20,94,10.22,overcast clouds
486,Kalmunai,LK,7.4167,81.8167,77.07,81,90,10.85,overcast clouds
487,Cabedelo,BR,-6.9811,-34.8339,77.67,78,100,9.26,overcast clouds
488,Loanda,AO,-8.8368,13.2343,76.86,81,99,5.99,overcast clouds
489,Lahaina,US,20.8783,-156.6825,80.6,81,70,6.85,broken clouds
490,Khudumelapye,BW,-23.8833,24.75,69.48,64,2,9.13,clear sky
491,Pangai,TO,-19.8,-174.35,86.11,70,75,0.0,light rain
492,Comodoro Rivadavia,AR,-45.8667,-67.5,60.66,48,0,5.75,clear sky
493,Nieuw Amsterdam,SR,5.8833,-55.0833,77.02,89,62,9.44,broken clouds
494,Dasoguz,TM,41.8363,59.9666,10.35,61,0,2.3,clear sky
495,Asau,RO,46.4333,26.4,34.72,74,59,5.12,broken clouds
496,Kandrian,PG,-6.2167,149.55,87.26,63,100,9.04,overcast clouds
497,Ust-Omchug,RU,61.15,149.6333,-27.94,97,89,5.06,overcast clouds
498,Las Vegas,US,36.175,-115.1372,54.59,40,0,17.27,clear sky
499,Bacungan,PH,9.9106,118.7022,84.25,79,40,9.22,scattered clouds
500,Sitio Novo Do Tocantins,BR,-5.5183,-47.4611,76.93,83,40,10.36,scattered clouds
501,Birjand,IR,32.8663,59.2211,28.87,86,0,6.91,clear sky
502,Fallon,US,39.4735,-118.7774,32.92,97,100,6.91,light snow
503,Sri Aman,MY,1.2376,111.4621,82.45,78,20,2.3,few clouds
504,Neuquen,AR,-38.9516,-68.0591,69.69,64,20,3.44,few clouds
505,Ayan,RU,56.45,138.1667,-28.55,62,63,9.31,broken clouds
506,Batagay-Alyta,RU,67.8006,130.4114,-27.71,99,100,2.93,overcast clouds
507,Gien,FR,47.6933,2.6309,36.55,96,100,5.64,overcast clouds
508,Frontignan,FR,43.4485,3.754,42.94,92,100,5.97,light rain
509,Ukiah,US,39.1502,-123.2078,48.09,79,0,4.61,clear sky
510,Russell,US,32.3502,-85.1999,56.43,61,0,0.0,clear sky
511,Kapiri Mposhi,ZM,-13.9652,28.6809,61.2,99,100,3.96,light rain
512,Tres Arroyos,AR,-38.3739,-60.2798,67.89,40,10,13.6,clear sky
513,Belaya Gora,RU,68.5333,146.4167,-40.56,100,100,0.38,overcast clouds
514,Paita,PE,-5.0892,-81.1144,70.36,80,79,9.95,broken clouds
515,Ginda,IN,30.6945,78.4932,34.84,20,4,7.72,clear sky
516,Leon Valley,US,29.4952,-98.6186,66.96,72,0,0.0,clear sky
517,Riosucio,CO,5.4216,-75.7032,57.94,97,30,1.68,scattered clouds
518,Leshan,CN,29.5623,103.7639,40.51,63,99,0.6,overcast clouds
519,Pacific Grove,US,36.6177,-121.9166,51.1,83,91,10.0,overcast clouds
520,Salamanca,ES,40.8333,-6.0,47.98,94,100,28.54,overcast clouds
521,Danjiangkou,CN,32.5428,111.5086,39.74,31,22,11.41,few clouds
522,Rapid Valley,US,44.0625,-103.1463,33.62,96,100,8.05,mist
523,Homer,US,59.6425,-151.5483,35.8,83,100,8.05,light rain
524,Constitucion,CL,-35.3333,-72.4167,54.16,89,10,6.73,clear sky
525,Malangali,TZ,-8.5667,34.85,61.52,93,100,3.22,light rain
526,Swan River,CA,52.1058,-101.2676,13.89,92,99,5.75,overcast clouds
527,Ambilobe,MG,-13.2,49.05,71.01,95,97,2.91,overcast clouds
528,Bridgetown,BB,13.1,-59.6167,79.29,73,75,13.8,light intensity shower rain
529,Havelock,US,34.8791,-76.9013,48.15,55,100,1.01,overcast clouds
530,Port Angeles,US,48.1181,-123.4307,46.65,80,100,3.44,mist
531,Broome,US,42.2506,-75.833,28.62,81,0,5.75,clear sky
532,Alofi,NU,-19.0595,-169.9187,82.29,78,75,2.3,light intensity drizzle
533,Nantucket,US,41.2835,-70.0995,35.65,87,100,17.27,snow
534,Lasa,IT,46.6166,10.7002,30.02,89,64,2.37,broken clouds
535,Boddam,GB,57.4667,-1.7833,32.38,70,95,19.86,overcast clouds
536,Pokhara,NP,28.2333,83.9833,49.14,36,0,3.69,clear sky
537,Katsuura,JP,35.1333,140.3,47.64,60,95,9.22,overcast clouds
538,Atikokan,CA,48.7555,-91.6216,32.11,98,100,6.51,light snow
539,Santa Marta,CO,11.2408,-74.199,80.89,70,20,21.99,few clouds
540,Acapulco,MX,16.8634,-99.8901,78.62,73,20,4.61,few clouds
541,Arlit,NE,18.7369,7.3853,60.49,23,0,7.43,clear sky
542,Sinnamary,GF,5.3833,-52.95,75.88,88,100,9.78,overcast clouds
543,Kathmandu,NP,27.7167,85.3167,44.82,87,75,0.0,mist
544,Te Anau,NZ,-45.4167,167.7167,73.18,44,20,4.03,few clouds
545,Sao Filipe,CV,14.8961,-24.4956,76.51,62,100,7.09,overcast clouds
546,Korla,CN,41.7597,86.1469,3.36,94,77,1.72,broken clouds
547,Aktau,KZ,43.65,51.2,28.98,40,96,15.52,overcast clouds
548,Borogontsy,RU,62.6683,131.1683,-56.42,100,94,2.46,overcast clouds
549,Christchurch,NZ,-43.5333,172.6333,69.91,67,100,17.27,overcast clouds
550,Sault Sainte Marie,CA,46.5168,-84.3333,35.89,85,100,11.5,overcast clouds
551,Vilhena,BR,-12.7406,-60.1458,68.07,98,100,0.69,overcast clouds
552,San Cristobal,VE,7.7669,-72.225,68.18,94,55,2.42,broken clouds
553,Balugaon,IN,20.1667,85.1,71.82,79,26,1.12,scattered clouds
554,Ngaoundere,CM,7.3167,13.5833,62.37,30,93,3.87,overcast clouds
555,Karlskrona,SE,56.1616,15.5866,37.85,88,100,19.69,overcast clouds
556,Oranjemund,NA,-28.55,16.4333,62.89,98,95,5.79,overcast clouds
557,Bay Saint Louis,US,30.3088,-89.33,66.27,82,100,9.22,overcast clouds
558,Vostok,RU,46.4856,135.8833,-1.23,81,93,4.54,overcast clouds
559,Ilam,NP,26.9167,87.9167,52.61,67,37,2.91,scattered clouds
560,Lazaro Cardenas,MX,17.9583,-102.2,75.49,75,9,4.21,clear sky
561,Urumqi,CN,43.801,87.6005,-13.85,84,75,0.0,fog
562,Faya,SA,18.3851,42.4509,53.71,73,90,2.98,overcast clouds
563,Kamyshla,RU,54.1169,52.1426,-1.82,81,69,5.41,broken clouds
564,Mesetas,CO,3.3846,-74.0442,71.67,80,87,4.45,overcast clouds
565,Avera,US,33.194,-82.5271,50.56,52,100,7.02,overcast clouds
566,Margate,GB,51.3813,1.3862,29.3,67,96,7.2,overcast clouds
567,Magnitogorsk,RU,53.4186,59.0472,-3.17,59,1,6.71,clear sky
568,Copala,MX,16.65,-98.9833,75.04,83,2,4.43,clear sky
569,Tarko-Sale,RU,64.9225,77.785,-16.17,93,100,8.99,overcast clouds
570,Veriora,EE,58.0079,27.3551,33.06,91,100,8.39,overcast clouds
571,Yanam,IN,16.7333,82.2167,73.63,74,13,0.63,few clouds
572,Nadym,RU,65.5333,72.5167,4.87,96,100,15.26,overcast clouds
573,Monaghan,IE,54.25,-6.9667,25.39,85,100,4.41,overcast clouds
574,Novobelokatay,RU,55.7062,58.9549,-0.36,79,1,3.31,clear sky
575,High Level,CA,58.5169,-117.136,17.71,93,100,6.91,light snow
576,Kloulklubed,PW,7.0419,134.2556,82.9,71,72,3.15,broken clouds
577,Vila,PT,42.0304,-8.1588,41.88,95,93,16.4,light rain
578,Kasempa,ZM,-13.4584,25.8338,63.55,98,100,1.52,overcast clouds
579,Wanlaweyn,SO,2.6185,44.8938,70.57,82,6,10.22,clear sky
580,Dalbandin,PK,28.8947,64.4101,38.64,27,0,5.03,clear sky
581,Cabatuan,PH,10.8794,122.486,82.8,79,68,10.13,broken clouds
582,Lokosovo,RU,61.1333,74.8167,11.46,95,100,7.78,overcast clouds
583,Half Moon Bay,US,37.4636,-122.4286,52.61,81,75,18.41,haze
584,Warmbad,NA,-28.45,18.7333,76.82,40,45,2.84,scattered clouds
585,Chalisgaon,IN,20.4667,75.0167,65.66,50,2,3.98,clear sky
586,Aberdeen,GB,57.1437,-2.0981,32.49,81,15,11.5,few clouds
587,Baykit,RU,61.67,96.37,-24.74,96,100,5.77,overcast clouds
588,Puksoozero,RU,62.5903,40.6066,23.63,92,99,12.08,overcast clouds
589,Pochinok,RU,54.4068,32.4407,31.57,95,100,14.85,overcast clouds
590,Talcahuano,CL,-36.7167,-73.1167,58.68,63,0,11.5,clear sky
591,Businga,CD,3.3333,20.8833,67.35,44,65,2.15,broken clouds
592,Anaco,VE,9.4389,-64.4728,74.53,67,45,4.83,scattered clouds
593,Gushikawa,JP,26.3544,127.8686,63.63,65,100,8.05,overcast clouds
594,Evansville,US,37.9748,-87.5558,56.01,89,100,3.0,overcast clouds
595,Cerrito,CO,6.8432,-72.694,53.29,92,84,0.78,broken clouds
596,Mwene-Ditu,CD,-7.0,23.45,64.08,97,99,3.51,light rain
597,Vestmannaeyjar,IS,63.4427,-20.2734,28.83,70,22,21.23,few clouds
598,Barillas,GT,15.8036,-91.3158,58.53,72,5,4.25,clear sky
599,Benguela,AO,-12.5763,13.4055,77.58,73,100,3.49,overcast clouds
600,Belmonte,BR,-15.8631,-38.8828,74.52,88,18,4.23,few clouds
601,Onega,RU,63.9061,38.1404,32.45,85,100,15.99,overcast clouds
602,Urbana,US,40.1106,-88.2073,53.73,83,75,21.0,broken clouds
603,Price,US,39.5994,-110.8107,31.26,93,100,6.91,snow
604,Lapeer,US,43.0514,-83.3188,35.92,87,100,10.36,moderate rain
605,Frederico Westphalen,BR,-27.3592,-53.3944,71.53,74,47,2.17,scattered clouds
606,Puerto Baquerizo Moreno,EC,-0.9,-89.6,74.3,87,12,6.73,few clouds
607,Moron,AR,-34.6534,-58.6198,82.96,63,63,11.1,broken clouds
608,Kushmurun,KZ,52.4503,64.6311,-11.47,86,13,5.21,few clouds
609,Quelimane,MZ,-17.8786,36.8883,76.95,94,75,0.0,broken clouds
610,Yurga,RU,55.7231,84.8861,14.09,93,98,12.95,overcast clouds
611,Domoni,KM,-12.2569,44.5319,78.39,83,92,4.68,light rain
612,Kruisfontein,ZA,-34.0033,24.7314,70.25,94,100,6.78,overcast clouds
613,Kharan,PK,28.5833,65.4167,41.54,28,0,3.33,clear sky
614,Sola,VU,-13.8833,167.55,82.08,73,72,14.94,broken clouds
615,Baracoa,CU,20.3467,-74.4958,67.44,72,0,3.31,clear sky
616,Kampong Cham,KH,11.9934,105.4635,81.01,58,44,10.16,scattered clouds
617,Raga,SS,8.4596,25.678,65.84,27,19,4.18,few clouds
618,Ginir,ET,7.1333,40.7,53.1,44,53,4.25,broken clouds
619,Alekseyevsk,RU,57.8406,108.3492,-10.28,96,100,3.85,overcast clouds
620,Atambua,ID,-9.1061,124.8925,82.72,66,32,5.57,scattered clouds
621,Ostersund,SE,63.1792,14.6357,6.12,95,85,3.78,overcast clouds
622,Karasjok,NO,69.4719,25.5112,28.09,98,100,3.58,light snow
623,Padang,ID,-0.9492,100.3543,82.83,66,99,1.57,overcast clouds
624,Bartica,GY,6.4,-58.6167,70.79,99,24,1.97,few clouds
625,Savannah Bight,HN,16.45,-85.85,77.2,67,6,24.4,clear sky
626,Caravelas,BR,-17.7125,-39.2481,74.43,89,9,5.44,clear sky
627,Tezu,IN,27.9167,96.1667,65.77,39,57,2.01,broken clouds
628,Mantua,IT,45.1667,10.7833,42.35,91,47,1.01,scattered clouds
629,Encinitas,US,33.037,-117.292,55.67,82,40,17.0,scattered clouds
630,Marienburg,PL,54.0359,19.0266,39.85,93,100,11.21,overcast clouds
631,Grindavik,IS,63.8424,-22.4338,28.87,74,40,17.27,scattered clouds
632,Griffith,US,41.5284,-87.4237,50.31,93,100,13.8,mist
633,Ladispoli,IT,41.9537,12.0735,57.25,79,97,18.25,overcast clouds
634,Bathsheba,BB,13.2167,-59.5167,79.41,73,75,13.8,light intensity shower rain
635,Linhares,BR,-19.3911,-40.0722,71.06,96,7,0.49,clear sky
636,Baghdad,IQ,33.3406,44.4009,42.71,100,100,9.22,fog
637,Vila Franca Do Campo,PT,37.7167,-25.4333,55.81,81,99,6.58,overcast clouds
638,Kingston,JM,17.997,-76.7936,74.35,84,20,8.05,few clouds
639,Lata,PT,40.1629,-8.3327,57.07,93,100,19.46,overcast clouds
640,Pirot,RS,43.1531,22.5861,43.03,87,100,7.87,overcast clouds
641,Oneonta,US,42.4529,-75.0638,28.29,75,31,2.44,scattered clouds
642,Tupik,RU,54.4253,119.9327,-23.76,94,100,2.28,overcast clouds
643,Kadoma,JP,34.7333,135.5833,48.18,44,40,11.5,scattered clouds
644,Saint Anthony,US,45.0205,-93.218,34.25,95,100,6.91,snow
645,Gogrial,SS,8.5332,28.1004,69.42,26,62,5.39,broken clouds
646,Eldorado,BR,-23.7869,-54.2836,80.08,75,77,4.03,broken clouds
647,Golden,US,39.7555,-105.2211,39.13,55,75,4.61,broken clouds
648,Waddan,LY,29.1614,16.139,52.48,42,0,6.78,clear sky
649,Luganville,VU,-15.5333,167.1667,83.68,77,90,1.79,overcast clouds
650,Gibara,CU,21.1097,-76.1317,65.52,66,0,9.06,clear sky
651,Yarada,IN,17.65,83.2667,68.32,100,20,2.3,fog
652,Izhma,RU,65.0083,53.9113,18.05,89,100,12.37,overcast clouds
653,Paamiut,GL,61.994,-49.6678,5.76,70,100,14.36,overcast clouds
654,Laguna,US,38.421,-121.4238,53.58,77,100,6.91,overcast clouds
655,Wenatchee,US,47.4235,-120.3103,38.05,92,0,3.44,clear sky
656,Alugan,PH,12.2188,125.4808,81.03,84,98,2.17,overcast clouds
657,Uddevalla,SE,58.3478,11.9424,39.99,85,100,12.44,overcast clouds
658,Yangambi,CD,0.8102,24.4336,72.1,77,100,2.21,overcast clouds
659,Freetown,SL,8.484,-13.2299,75.52,84,3,6.53,clear sky
660,Grand Baie,MU,-20.0182,57.5802,79.45,69,18,7.0,light rain
661,Cedar Rapids,US,42.0083,-91.6441,43.02,93,100,19.57,mist
662,Yershichi,RU,53.6725,32.7542,32.11,95,100,12.86,light snow
663,Goure,NE,13.9835,10.2704,57.87,29,71,9.44,broken clouds
664,Alberobello,IT,40.7859,17.2372,53.35,74,100,14.07,overcast clouds
665,Cairo,EG,30.0626,31.2497,52.56,71,0,1.14,clear sky
666,Poum,NC,-20.2333,164.0167,80.44,69,99,10.2,overcast clouds
667,Cinco Esquinas,CR,10.1037,-84.1678,63.37,68,0,5.99,clear sky
668,Flin Flon,CA,54.7682,-101.865,-3.73,100,77,2.37,broken clouds
669,Tutoia,BR,-2.7619,-42.2744,74.05,89,100,7.72,overcast clouds
670,Zachepylivka,UA,49.1939,35.2394,30.69,84,100,13.24,overcast clouds
671,Mount Isa,AU,-20.7333,139.5,85.77,54,100,8.05,overcast clouds
672,Kosh-Agach,RU,50.0,88.6667,-4.65,98,100,0.54,light snow
673,Dandong,CN,40.1292,124.3947,21.74,59,100,2.26,overcast clouds
674,Smiltene,LV,57.4244,25.9016,34.56,87,100,10.25,overcast clouds
675,Kashi,CN,39.4547,75.9797,2.41,66,4,8.95,smoke
676,Rocky Mountain House,CA,52.3668,-114.9188,17.71,100,71,4.61,broken clouds
677,Methoni,GR,36.8197,21.7049,60.22,74,74,18.79,broken clouds
678,Haines Junction,CA,60.7522,-137.5108,16.11,98,100,1.97,overcast clouds
679,Wajid,SO,3.8093,43.2471,69.84,67,82,20.78,broken clouds
680,Burnie,AU,-41.0667,145.9167,72.95,73,98,9.55,overcast clouds
681,Grand-Bourg,GP,15.8835,-61.3148,69.75,72,1,9.46,clear sky
682,Brigantine,US,39.4101,-74.3646,40.01,53,0,5.75,clear sky
683,Bella Vista,US,36.4295,-94.2316,56.32,53,0,4.61,clear sky
684,Porto Murtinho,BR,-21.6989,-57.8825,76.19,78,5,3.96,clear sky
685,Kirakira,SB,-10.4544,161.9205,84.79,72,82,8.77,broken clouds
686,Gainesville,US,29.6516,-82.3248,48.31,57,0,3.44,clear sky
687,Cradock,ZA,-32.1642,25.6192,71.85,65,100,6.2,overcast clouds
688,Waitara,NZ,-38.925,174.25,68.99,69,0,14.03,clear sky
689,Arenys De Mar,ES,41.5819,2.5494,62.38,61,100,3.0,overcast clouds
690,Winston,US,28.0317,-82.0148,53.91,73,0,1.99,clear sky
691,Goundam,ML,16.4145,-3.6708,66.36,18,76,8.95,broken clouds
692,Dubti,ET,11.7361,41.0853,69.44,71,10,9.04,clear sky
